Training R2,Testing R2,Test MAE,Test RMSE,Model Epochs,Model Architecture
0.9997572749255657,0.7976082393014601,6.100679177570811,8.31938065435974,300,11-64-32-16-1
